Date,Close,% Change,% Change vs Average,Volume
2020-12-31T18:30:00.000Z,"14,018.50",0.26,0.16,"358,100"
2021-01-03T18:30:00.000Z,"14,132.90",0.82,0.72,"495,000"
2021-01-04T18:30:00.000Z,"14,199.50",0.47,0.37,"492,500"
2021-01-05T18:30:00.000Z,"14,146.25",-0.38,-0.47,"632,300"
2021-01-06T18:30:00.000Z,"14,137.35",-0.06,-0.16,"559,200"
2021-01-07T18:30:00.000Z,"14,347.25",1.48,1.39,"613,500"
2021-01-10T18:30:00.000Z,"14,484.75",0.96,0.86,"672,900"
2021-01-11T18:30:00.000Z,"14,563.45",0.54,0.45,"929,600"
2021-01-12T18:30:00.000Z,"14,564.85",0.01,-0.09,"874,000"
2021-01-13T18:30:00.000Z,"14,595.60",0.21,0.11,"620,200"
2021-01-14T18:30:00.000Z,"14,433.70",-1.11,-1.21,"789,600"
2021-01-17T18:30:00.000Z,"14,281.30",-1.06,-1.15,"762,000"
2021-01-18T18:30:00.000Z,"14,521.15",1.68,1.58,"546,100"
2021-01-19T18:30:00.000Z,"14,644.70",0.85,0.75,"623,100"
2021-01-20T18:30:00.000Z,"14,590.35",-0.37,-0.47,"704,600"
2021-01-21T18:30:00.000Z,"14,371.90",-1.5,-1.6,"776,800"
2021-01-24T18:30:00.000Z,"14,238.90",-0.93,-1.02,"618,600"
2021-01-26T18:30:00.000Z,"13,967.50",-1.91,-2.0,"660,700"
2021-01-27T18:30:00.000Z,"13,817.55",-1.07,-1.17,"637,900"
2021-01-28T18:30:00.000Z,"13,634.60",-1.32,-1.42,"753,200"
2021-01-31T18:30:00.000Z,"14,281.20",4.74,4.64,"870,500"
2021-02-01T18:30:00.000Z,"14,647.85",2.57,2.47,"915,000"
2021-02-02T18:30:00.000Z,"14,789.95",0.97,0.87,"869,500"
2021-02-03T18:30:00.000Z,"14,895.65",0.71,0.62,"884,700"
2021-02-04T18:30:00.000Z,"14,924.25",0.19,0.09,"935,600"
2021-02-07T18:30:00.000Z,"15,115.80",1.28,1.19,"671,200"
2021-02-08T18:30:00.000Z,"15,109.30",-0.04,-0.14,"713,300"
2021-02-09T18:30:00.000Z,"15,106.50",-0.02,-0.12,"624,800"
2021-02-10T18:30:00.000Z,"15,173.30",0.44,0.34,"500,100"
2021-02-11T18:30:00.000Z,"15,163.30",-0.07,-0.16,"571,800"
2021-02-14T18:30:00.000Z,"15,314.70",1.0,0.9,"456,000"
2021-02-15T18:30:00.000Z,"15,313.45",-0.01,-0.11,"648,500"
2021-02-16T18:30:00.000Z,"15,208.90",-0.68,-0.78,"504,800"
2021-02-17T18:30:00.000Z,"15,118.95",-0.59,-0.69,"770,600"
2021-02-18T18:30:00.000Z,"14,981.75",-0.91,-1.01,"712,200"
2021-02-21T18:30:00.000Z,"14,675.70",-2.04,-2.14,"609,900"
2021-02-22T18:30:00.000Z,"14,707.80",0.22,0.12,"744,100"
2021-02-23T18:30:00.000Z,"14,982.00",1.86,1.77,"403,800"
2021-02-24T18:30:00.000Z,"15,097.35",0.77,0.67,"803,900"
2021-02-25T18:30:00.000Z,"14,529.15",-3.76,-3.86,"1,103,600"
2021-02-28T18:30:00.000Z,"14,761.55",1.6,1.5,"507,300"
2021-03-01T18:30:00.000Z,"14,919.10",1.07,0.97,"621,700"
2021-03-02T18:30:00.000Z,"15,245.60",2.19,2.09,"544,200"
2021-03-03T18:30:00.000Z,"15,080.75",-1.08,-1.18,"534,900"
2021-03-04T18:30:00.000Z,"14,938.10",-0.95,-1.04,"640,700"
2021-03-07T18:30:00.000Z,"14,956.20",0.12,0.02,0
2021-03-08T18:30:00.000Z,"15,098.40",0.95,0.85,"675,300"
2021-03-09T18:30:00.000Z,"15,174.80",0.51,0.41,"404,600"
2021-03-11T18:30:00.000Z,"15,030.95",-0.95,-1.05,"493,200"
2021-03-14T18:30:00.000Z,"14,929.50",-0.67,-0.77,"467,500"
2021-03-15T18:30:00.000Z,"14,910.45",-0.13,-0.23,100
2021-03-16T18:30:00.000Z,"14,721.30",-1.27,-1.37,100
2021-03-17T18:30:00.000Z,"14,557.85",-1.11,-1.21,"542,200"
2021-03-18T18:30:00.000Z,"14,744.00",1.28,1.18,"919,200"
2021-03-21T18:30:00.000Z,"14,736.40",-0.05,-0.15,"459,000"
2021-03-22T18:30:00.000Z,"14,814.75",0.53,0.43,"474,200"
2021-03-23T18:30:00.000Z,"14,549.40",-1.79,-1.89,"456,400"
2021-03-24T18:30:00.000Z,"14,324.90",-1.54,-1.64,"606,800"
2021-03-25T18:30:00.000Z,"14,507.30",1.27,1.18,"481,000"
2021-03-29T18:30:00.000Z,"14,845.10",2.33,2.23,"594,500"
2021-03-30T18:30:00.000Z,"14,690.70",-1.04,-1.14,"463,900"
2021-03-31T18:30:00.000Z,"14,867.35",1.2,1.1,"445,000"
2021-04-04T18:30:00.000Z,"14,637.80",-1.54,-1.64,"509,700"
2021-04-05T18:30:00.000Z,"14,683.50",0.31,0.21,"475,300"
2021-04-06T18:30:00.000Z,"14,819.05",0.92,0.83,0
2021-04-07T18:30:00.000Z,"14,873.80",0.37,0.27,"514,800"
2021-04-08T18:30:00.000Z,"14,834.85",-0.26,-0.36,"504,100"
2021-04-11T18:30:00.000Z,"14,310.80",-3.53,-3.63,"650,200"
2021-04-12T18:30:00.000Z,"14,504.80",1.36,1.26,"605,100"
2021-04-14T18:30:00.000Z,"14,581.45",0.53,0.43,"568,000"
2021-04-15T18:30:00.000Z,"14,617.85",0.25,0.15,"577,200"
2021-04-18T18:30:00.000Z,"14,359.45",-1.77,-1.87,"512,300"
2021-04-19T18:30:00.000Z,"14,296.40",-0.44,-0.54,"467,400"
2021-04-21T18:30:00.000Z,"14,406.15",0.77,0.67,"524,600"
2021-04-22T18:30:00.000Z,"14,341.35",-0.45,-0.55,"498,100"
2021-04-25T18:30:00.000Z,"14,485.00",1.0,0.9,"452,700"
2021-04-26T18:30:00.000Z,"14,653.05",1.16,1.06,"451,800"
2021-04-27T18:30:00.000Z,"14,864.55",1.44,1.35,"457,000"
2021-04-28T18:30:00.000Z,"14,894.90",0.2,0.11,"517,500"
2021-04-29T18:30:00.000Z,"14,631.10",-1.77,-1.87,"613,900"
2021-05-02T18:30:00.000Z,"14,634.15",0.02,-0.08,"448,900"
2021-05-03T18:30:00.000Z,"14,496.50",-0.94,-1.04,"503,400"
2021-05-04T18:30:00.000Z,"14,617.85",0.84,0.74,"455,900"
2021-05-05T18:30:00.000Z,"14,724.80",0.73,0.63,"467,800"
2021-05-06T18:30:00.000Z,"14,823.15",0.67,0.57,"488,000"
2021-05-09T18:30:00.000Z,"14,942.35",0.8,0.71,"522,000"
2021-05-10T18:30:00.000Z,"14,850.75",-0.61,-0.71,"647,400"
2021-05-11T18:30:00.000Z,"14,696.50",-1.04,-1.14,"643,800"
2021-05-13T18:30:00.000Z,"14,677.80",-0.13,-0.23,"620,700"
2021-05-16T18:30:00.000Z,"14,923.15",1.67,1.57,"546,400"
2021-05-17T18:30:00.000Z,"15,108.10",1.24,1.14,"583,900"
2021-05-18T18:30:00.000Z,"15,030.15",-0.52,-0.61,"569,100"
2021-05-19T18:30:00.000Z,"14,906.05",-0.83,-0.92,"480,300"
2021-05-20T18:30:00.000Z,"15,175.30",1.81,1.71,"572,900"
2021-05-23T18:30:00.000Z,"15,197.70",0.15,0.05,"579,800"
2021-05-24T18:30:00.000Z,"15,208.45",0.07,-0.03,"441,500"
2021-05-25T18:30:00.000Z,"15,301.45",0.61,0.51,"384,000"
2021-05-26T18:30:00.000Z,"15,337.85",0.24,0.14,0
2021-05-27T18:30:00.000Z,"15,435.65",0.64,0.54,"468,100"
2021-05-30T18:30:00.000Z,"15,582.80",0.95,0.86,"436,000"
2021-05-31T18:30:00.000Z,"15,574.85",-0.05,-0.15,"409,600"
2021-06-01T18:30:00.000Z,"15,576.20",0.01,-0.09,"428,600"
2021-06-02T18:30:00.000Z,"15,690.35",0.73,0.63,"410,200"
2021-06-03T18:30:00.000Z,"15,670.25",-0.13,-0.23,"414,200"
2021-06-06T18:30:00.000Z,"15,751.65",0.52,0.42,"394,000"
2021-06-07T18:30:00.000Z,"15,740.10",-0.07,-0.17,"378,200"
2021-06-08T18:30:00.000Z,"15,635.35",-0.67,-0.76,"457,900"
2021-06-09T18:30:00.000Z,"15,737.75",0.65,0.56,"298,300"
2021-06-10T18:30:00.000Z,"15,799.35",0.39,0.29,"363,000"
2021-06-13T18:30:00.000Z,"15,811.85",0.08,-0.02,"392,900"
2021-06-14T18:30:00.000Z,"15,869.25",0.36,0.27,"323,300"
2021-06-15T18:30:00.000Z,"15,767.55",-0.64,-0.74,"340,200"
2021-06-16T18:30:00.000Z,"15,691.40",-0.48,-0.58,"357,600"
2021-06-17T18:30:00.000Z,"15,683.35",-0.05,-0.15,"640,800"
2021-06-20T18:30:00.000Z,"15,746.50",0.4,0.3,"351,500"
2021-06-21T18:30:00.000Z,"15,772.75",0.17,0.07,"322,200"
2021-06-22T18:30:00.000Z,"15,686.95",-0.54,-0.64,"287,500"
2021-06-23T18:30:00.000Z,"15,790.45",0.66,0.56,"316,700"
2021-06-24T18:30:00.000Z,"15,860.35",0.44,0.34,"314,600"
2021-06-27T18:30:00.000Z,"15,814.70",-0.29,-0.39,"255,100"
2021-06-28T18:30:00.000Z,"15,748.45",-0.42,-0.52,"360,300"
2021-06-29T18:30:00.000Z,"15,721.50",-0.17,-0.27,"262,400"
2021-06-30T18:30:00.000Z,"15,680.00",-0.26,-0.36,"224,900"
2021-07-01T18:30:00.000Z,"15,722.20",0.27,0.17,"254,800"
2021-07-04T18:30:00.000Z,"15,834.35",0.71,0.62,"207,000"
2021-07-05T18:30:00.000Z,"15,818.25",-0.1,-0.2,"391,400"
2021-07-06T18:30:00.000Z,"15,879.65",0.39,0.29,"329,300"
2021-07-07T18:30:00.000Z,"15,727.90",-0.96,-1.05,"307,900"
2021-07-08T18:30:00.000Z,"15,689.80",-0.24,-0.34,"243,200"
2021-07-11T18:30:00.000Z,"15,692.60",0.02,-0.08,"216,300"
2021-07-12T18:30:00.000Z,"15,812.35",0.76,0.67,"246,700"
2021-07-13T18:30:00.000Z,"15,853.95",0.26,0.17,0
2021-07-14T18:30:00.000Z,"15,924.20",0.44,0.35,"284,900"
2021-07-15T18:30:00.000Z,"15,923.40",-0.01,-0.1,"276,300"
2021-07-18T18:30:00.000Z,"15,752.40",-1.07,-1.17,"242,100"
2021-07-19T18:30:00.000Z,"15,632.10",-0.76,-0.86,"274,300"
2021-07-21T18:30:00.000Z,"15,824.05",1.23,1.13,"265,300"
2021-07-22T18:30:00.000Z,"15,856.05",0.2,0.1,"294,100"
2021-07-25T18:30:00.000Z,"15,824.45",-0.2,-0.3,"267,100"
2021-07-26T18:30:00.000Z,"15,746.45",-0.49,-0.59,"311,000"
2021-07-27T18:30:00.000Z,"15,709.40",-0.24,-0.33,"318,600"
2021-07-28T18:30:00.000Z,"15,778.45",0.44,0.34,"401,600"
2021-07-29T18:30:00.000Z,"15,763.05",-0.1,-0.2,"400,000"
2021-08-01T18:30:00.000Z,"15,885.15",0.77,0.68,"244,800"
2021-08-02T18:30:00.000Z,"16,130.75",1.55,1.45,"341,300"
2021-08-03T18:30:00.000Z,"16,258.80",0.79,0.7,"427,300"
2021-08-04T18:30:00.000Z,"16,294.60",0.22,0.12,"418,200"
2021-08-05T18:30:00.000Z,"16,238.20",-0.35,-0.44,"320,100"
2021-08-08T18:30:00.000Z,"16,258.25",0.12,0.03,"240,500"
2021-08-09T18:30:00.000Z,"16,280.10",0.13,0.04,"288,000"
2021-08-10T18:30:00.000Z,"16,282.25",0.01,-0.08,"277,900"
2021-08-11T18:30:00.000Z,"16,364.40",0.5,0.41,"280,200"
2021-08-12T18:30:00.000Z,"16,529.10",1.01,0.91,"321,900"
2021-08-15T18:30:00.000Z,"16,563.05",0.21,0.11,"254,000"
2021-08-16T18:30:00.000Z,"16,614.60",0.31,0.21,"297,400"
2021-08-17T18:30:00.000Z,"16,568.85",-0.28,-0.37,"251,800"
2021-08-19T18:30:00.000Z,"16,450.50",-0.71,-0.81,"350,800"
2021-08-22T18:30:00.000Z,"16,496.45",0.28,0.18,"275,600"
2021-08-23T18:30:00.000Z,"16,624.60",0.78,0.68,"275,400"
2021-08-24T18:30:00.000Z,"16,634.65",0.06,-0.04,"265,900"
2021-08-25T18:30:00.000Z,"16,636.90",0.01,-0.08,"253,500"
2021-08-26T18:30:00.000Z,"16,705.20",0.41,0.31,"217,400"
2021-08-29T18:30:00.000Z,"16,931.05",1.35,1.25,"283,500"
2021-08-30T18:30:00.000Z,"17,132.20",1.19,1.09,"464,400"
2021-08-31T18:30:00.000Z,"17,076.25",-0.33,-0.42,"301,900"
2021-09-01T18:30:00.000Z,"17,234.15",0.92,0.83,"242,400"
2021-09-02T18:30:00.000Z,"17,323.60",0.52,0.42,"261,400"
2021-09-05T18:30:00.000Z,"17,377.80",0.31,0.21,"228,000"
2021-09-06T18:30:00.000Z,"17,362.10",-0.09,-0.19,"243,400"
2021-09-07T18:30:00.000Z,"17,353.50",-0.05,-0.15,"252,700"
2021-09-08T18:30:00.000Z,"17,369.25",0.09,-0.01,"241,500"
2021-09-12T18:30:00.000Z,"17,355.30",-0.08,-0.18,"241,100"
2021-09-13T18:30:00.000Z,"17,380.00",0.14,0.04,"230,400"
2021-09-14T18:30:00.000Z,"17,519.45",0.8,0.7,"388,200"
2021-09-15T18:30:00.000Z,"17,629.50",0.63,0.53,"503,300"
2021-09-16T18:30:00.000Z,"17,585.15",-0.25,-0.35,"508,300"
2021-09-19T18:30:00.000Z,"17,396.90",-1.07,-1.17,"339,100"
2021-09-20T18:30:00.000Z,"17,562.00",0.95,0.85,"363,600"
2021-09-21T18:30:00.000Z,"17,546.65",-0.09,-0.19,"295,200"
2021-09-22T18:30:00.000Z,"17,822.95",1.57,1.48,"320,500"
2021-09-23T18:30:00.000Z,"17,853.20",0.17,0.07,"360,100"
2021-09-26T18:30:00.000Z,"17,855.10",0.01,-0.09,"295,700"
2021-09-27T18:30:00.000Z,"17,748.60",-0.6,-0.69,"398,000"
2021-09-28T18:30:00.000Z,"17,711.30",-0.21,-0.31,"562,200"
2021-09-29T18:30:00.000Z,"17,618.15",-0.53,-0.62,"378,600"
2021-09-30T18:30:00.000Z,"17,532.05",-0.49,-0.59,"305,800"
2021-10-03T18:30:00.000Z,"17,691.25",0.91,0.81,"295,800"
2021-10-04T18:30:00.000Z,"17,822.30",0.74,0.64,"427,000"
2021-10-05T18:30:00.000Z,"17,646.00",-0.99,-1.09,"395,800"
2021-10-06T18:30:00.000Z,"17,790.35",0.82,0.72,"419,900"
2021-10-07T18:30:00.000Z,"17,895.20",0.59,0.49,"324,100"
2021-10-10T18:30:00.000Z,"17,945.95",0.28,0.19,"375,800"
2021-10-11T18:30:00.000Z,"17,991.95",0.26,0.16,"355,600"
2021-10-12T18:30:00.000Z,"18,161.75",0.94,0.85,"506,700"
2021-10-13T18:30:00.000Z,"18,338.55",0.97,0.88,"538,700"
2021-10-17T18:30:00.000Z,"18,477.05",0.76,0.66,"469,900"
2021-10-18T18:30:00.000Z,"18,418.75",-0.32,-0.41,"368,200"
2021-10-19T18:30:00.000Z,"18,266.60",-0.83,-0.92,"371,300"
2021-10-20T18:30:00.000Z,"18,178.10",-0.48,-0.58,"365,900"
2021-10-21T18:30:00.000Z,"18,114.90",-0.35,-0.45,"324,700"
2021-10-24T18:30:00.000Z,"18,125.40",0.06,-0.04,"418,700"
2021-10-25T18:30:00.000Z,"18,268.40",0.79,0.69,"341,400"
2021-10-26T18:30:00.000Z,"18,210.95",-0.31,-0.41,"335,200"
2021-10-27T18:30:00.000Z,"17,857.25",-1.94,-2.04,"374,200"
2021-10-28T18:30:00.000Z,"17,671.65",-1.04,-1.14,"336,500"
2021-10-31T18:30:00.000Z,"17,929.65",1.46,1.36,"281,200"
2021-11-01T18:30:00.000Z,"17,888.95",-0.23,-0.32,"296,400"
2021-11-02T18:30:00.000Z,"17,829.20",-0.33,-0.43,"331,000"
2021-11-03T18:30:00.000Z,"17,916.80",0.49,0.39,"48,500"
2021-11-07T18:30:00.000Z,"18,068.55",0.85,0.75,"338,900"
2021-11-08T18:30:00.000Z,"18,044.25",-0.13,-0.23,"270,200"
2021-11-09T18:30:00.000Z,"18,017.20",-0.15,-0.25,"261,400"
2021-11-10T18:30:00.000Z,"17,873.60",-0.8,-0.89,"232,100"
2021-11-11T18:30:00.000Z,"18,102.75",1.28,1.18,"249,100"
2021-11-14T18:30:00.000Z,"18,109.45",0.04,-0.06,"280,400"
2021-11-15T18:30:00.000Z,"17,999.20",-0.61,-0.71,"267,400"
2021-11-16T18:30:00.000Z,"17,898.65",-0.56,-0.66,"295,700"
2021-11-17T18:30:00.000Z,"17,764.80",-0.75,-0.85,"278,400"
2021-11-21T18:30:00.000Z,"17,416.55",-1.96,-2.06,"356,400"
2021-11-22T18:30:00.000Z,"17,503.35",0.5,0.4,"308,800"
2021-11-23T18:30:00.000Z,"17,415.05",-0.5,-0.6,"298,100"
2021-11-24T18:30:00.000Z,"17,536.25",0.7,0.6,"255,900"
2021-11-25T18:30:00.000Z,"17,026.45",-2.91,-3.01,"356,300"
2021-11-28T18:30:00.000Z,"17,053.95",0.16,0.06,"348,900"
2021-11-29T18:30:00.000Z,"16,983.20",-0.41,-0.51,"498,000"
2021-11-30T18:30:00.000Z,"17,166.90",1.08,0.98,"295,500"
2021-12-01T18:30:00.000Z,"17,401.65",1.37,1.27,"279,900"
2021-12-02T18:30:00.000Z,"17,196.70",-1.18,-1.28,"292,500"
2021-12-05T18:30:00.000Z,"16,912.25",-1.65,-1.75,"231,700"
2021-12-06T18:30:00.000Z,"17,176.70",1.56,1.47,"254,100"
2021-12-07T18:30:00.000Z,"17,469.75",1.71,1.61,"257,800"
2021-12-08T18:30:00.000Z,"17,516.85",0.27,0.17,"237,200"
2021-12-09T18:30:00.000Z,"17,511.30",-0.03,-0.13,"204,500"
2021-12-12T18:30:00.000Z,"17,368.25",-0.82,-0.91,"256,600"
2021-12-13T18:30:00.000Z,"17,324.90",-0.25,-0.35,"271,000"
2021-12-14T18:30:00.000Z,"17,221.40",-0.6,-0.7,"215,000"
2021-12-15T18:30:00.000Z,"17,248.40",0.16,0.06,"219,500"
2021-12-16T18:30:00.000Z,"16,985.20",-1.53,-1.62,"354,600"
2021-12-19T18:30:00.000Z,"16,614.20",-2.18,-2.28,"330,600"
2021-12-20T18:30:00.000Z,"16,770.85",0.94,0.84,"241,000"
2021-12-21T18:30:00.000Z,"16,955.45",1.1,1.0,"207,900"
2021-12-22T18:30:00.000Z,"17,072.60",0.69,0.59,"197,000"
2021-12-23T18:30:00.000Z,"17,003.75",-0.4,-0.5,"182,600"
2021-12-26T18:30:00.000Z,"17,086.25",0.49,0.39,"144,800"
2021-12-27T18:30:00.000Z,"17,233.25",0.86,0.76,"176,000"
2021-12-28T18:30:00.000Z,"17,213.60",-0.11,-0.21,"161,700"
2021-12-29T18:30:00.000Z,"17,203.95",-0.06,-0.15,"320,800"
2021-12-30T18:30:00.000Z,"17,354.05",0.87,0.77,"167,000"
2022-01-02T18:30:00.000Z,"17,625.70",1.57,1.47,"200,500"
2022-01-02T18:30:00.000Z,"17,625.70",1.57,1.54,"200,500"
2022-01-03T18:30:00.000Z,"17,805.25",1.02,0.99,"247,400"
2022-01-04T18:30:00.000Z,"17,925.25",0.67,0.65,"251,500"
2022-01-05T18:30:00.000Z,"17,745.90",-1.0,-1.03,"236,500"
2022-01-06T18:30:00.000Z,"17,812.70",0.38,0.35,"239,300"
2022-01-09T18:30:00.000Z,"18,003.30",1.07,1.05,"232,400"
2022-01-10T18:30:00.000Z,"18,055.75",0.29,0.27,"220,200"
2022-01-11T18:30:00.000Z,"18,212.35",0.87,0.84,"245,000"
2022-01-12T18:30:00.000Z,"18,257.80",0.25,0.22,"303,700"
2022-01-13T18:30:00.000Z,"18,255.75",-0.01,-0.04,"229,500"
2022-01-16T18:30:00.000Z,"18,308.10",0.29,0.26,"266,700"
2022-01-17T18:30:00.000Z,"18,113.05",-1.07,-1.09,"227,500"
2022-01-18T18:30:00.000Z,"17,938.40",-0.96,-0.99,"276,700"
2022-01-19T18:30:00.000Z,"17,757.00",-1.01,-1.04,"258,100"
2022-01-20T18:30:00.000Z,"17,617.15",-0.79,-0.81,"277,600"
2022-01-23T18:30:00.000Z,"17,149.10",-2.66,-2.68,"323,800"
2022-01-24T18:30:00.000Z,"17,277.95",0.75,0.73,"326,500"
2022-01-26T18:30:00.000Z,"17,110.15",-0.97,-1.0,"395,600"
2022-01-27T18:30:00.000Z,"17,101.95",-0.05,-0.07,"355,300"
2022-01-30T18:30:00.000Z,"17,339.85",1.39,1.37,"321,700"
2022-01-31T18:30:00.000Z,"17,576.85",1.37,1.34,"386,400"
2022-02-01T18:30:00.000Z,"17,780.00",1.16,1.13,"271,200"
2022-02-02T18:30:00.000Z,"17,560.20",-1.24,-1.26,"226,600"
2022-02-03T18:30:00.000Z,"17,516.30",-0.25,-0.27,"261,400"
2022-02-06T18:30:00.000Z,"17,213.60",-1.73,-1.75,"265,000"
2022-02-07T18:30:00.000Z,"17,266.75",0.31,0.28,"268,500"
2022-02-08T18:30:00.000Z,"17,463.80",1.14,1.12,"236,400"
2022-02-09T18:30:00.000Z,"17,605.85",0.81,0.79,"273,600"
2022-02-10T18:30:00.000Z,"17,374.75",-1.31,-1.34,"253,100"
2022-02-13T18:30:00.000Z,"16,842.80",-3.06,-3.09,"305,500"
2022-02-14T18:30:00.000Z,"17,352.45",3.03,3.0,"298,700"
2022-02-15T18:30:00.000Z,"17,322.20",-0.17,-0.2,"244,500"
2022-02-16T18:30:00.000Z,"17,304.60",-0.1,-0.13,"232,100"
2022-02-17T18:30:00.000Z,"17,276.30",-0.16,-0.19,"189,600"
2022-02-20T18:30:00.000Z,"17,206.65",-0.4,-0.43,"215,200"
2022-02-21T18:30:00.000Z,"17,092.20",-0.67,-0.69,"300,100"
2022-02-22T18:30:00.000Z,"17,063.25",-0.17,-0.19,"200,200"
2022-02-23T18:30:00.000Z,"16,247.95",-4.78,-4.8,"458,000"
2022-02-24T18:30:00.000Z,"16,658.40",2.53,2.5,"329,800"
2022-02-27T18:30:00.000Z,"16,793.90",0.81,0.79,"404,200"
2022-03-01T18:30:00.000Z,"16,605.95",-1.12,-1.14,"517,700"
2022-03-02T18:30:00.000Z,"16,498.05",-0.65,-0.67,"442,100"
2022-03-03T18:30:00.000Z,"16,245.35",-1.53,-1.56,"456,100"
2022-03-06T18:30:00.000Z,"15,863.15",-2.35,-2.38,"585,400"
2022-03-07T18:30:00.000Z,"16,013.45",0.95,0.92,"543,600"
2022-03-08T18:30:00.000Z,"16,345.35",2.07,2.05,"462,200"
2022-03-09T18:30:00.000Z,"16,594.90",1.53,1.5,"486,400"
2022-03-10T18:30:00.000Z,"16,630.45",0.21,0.19,"343,700"
2022-03-13T18:30:00.000Z,"16,871.30",1.45,1.42,"314,700"
2022-03-14T18:30:00.000Z,"16,663.00",-1.23,-1.26,"381,600"
2022-03-15T18:30:00.000Z,"16,975.35",1.87,1.85,"260,000"
2022-03-16T18:30:00.000Z,"17,287.05",1.84,1.81,"448,300"
2022-03-20T18:30:00.000Z,"17,117.60",-0.98,-1.01,"285,500"
2022-03-21T18:30:00.000Z,"17,315.50",1.16,1.13,"338,300"
2022-03-22T18:30:00.000Z,"17,245.65",-0.4,-0.43,"292,100"
2022-03-23T18:30:00.000Z,"17,222.75",-0.13,-0.16,"290,300"
2022-03-24T18:30:00.000Z,"17,153.00",-0.4,-0.43,"237,100"
2022-03-27T18:30:00.000Z,"17,222.00",0.4,0.38,"253,200"
2022-03-28T18:30:00.000Z,"17,325.30",0.6,0.57,"235,100"
2022-03-29T18:30:00.000Z,"17,498.25",1.0,0.97,"505,000"
2022-03-30T18:30:00.000Z,"17,464.75",-0.19,-0.22,"281,100"
2022-03-31T18:30:00.000Z,"17,670.45",1.18,1.15,"291,800"
2022-04-03T18:30:00.000Z,"18,053.40",2.17,2.14,"345,500"
2022-04-04T18:30:00.000Z,"17,957.40",-0.53,-0.56,"283,500"
2022-04-05T18:30:00.000Z,"17,807.65",-0.83,-0.86,"328,800"
2022-04-06T18:30:00.000Z,"17,639.55",-0.94,-0.97,"308,800"
2022-04-07T18:30:00.000Z,"17,784.35",0.82,0.8,"274,400"
2022-04-10T18:30:00.000Z,"17,674.95",-0.62,-0.64,"251,700"
2022-04-11T18:30:00.000Z,"17,530.30",-0.82,-0.84,"266,000"
2022-04-12T18:30:00.000Z,"17,475.65",-0.31,-0.34,"245,100"
2022-04-17T18:30:00.000Z,"17,173.65",-1.73,-1.75,"376,100"
2022-04-18T18:30:00.000Z,"16,958.65",-1.25,-1.28,"401,400"
2022-04-19T18:30:00.000Z,"17,136.55",1.05,1.02,"286,100"
2022-04-20T18:30:00.000Z,"17,392.60",1.49,1.47,"285,200"
2022-04-21T18:30:00.000Z,"17,171.95",-1.27,-1.29,"262,700"
2022-04-24T18:30:00.000Z,"16,953.95",-1.27,-1.29,"275,700"
2022-04-25T18:30:00.000Z,"17,200.80",1.46,1.43,"261,100"
2022-04-26T18:30:00.000Z,"17,038.40",-0.94,-0.97,"265,100"
2022-04-27T18:30:00.000Z,"17,245.05",1.21,1.19,"312,900"
2022-04-28T18:30:00.000Z,"17,102.55",-0.83,-0.85,"336,200"
2022-05-01T18:30:00.000Z,"17,069.10",-0.2,-0.22,"278,200"
2022-05-03T18:30:00.000Z,"16,677.60",-2.29,-2.32,"310,600"
2022-05-04T18:30:00.000Z,"16,682.65",0.03,0.01,"265,800"
2022-05-05T18:30:00.000Z,"16,411.25",-1.63,-1.65,"300,500"
2022-05-08T18:30:00.000Z,"16,301.85",-0.67,-0.69,"288,400"
2022-05-09T18:30:00.000Z,"16,240.05",-0.38,-0.4,"283,100"
2022-05-10T18:30:00.000Z,"16,167.10",-0.45,-0.47,"284,300"
2022-05-11T18:30:00.000Z,"15,808.00",-2.22,-2.25,"314,900"
2022-05-12T18:30:00.000Z,"15,782.15",-0.16,-0.19,"369,100"
2022-05-15T18:30:00.000Z,"15,842.30",0.38,0.36,"217,600"
2022-05-16T18:30:00.000Z,"16,259.30",2.63,2.61,"295,700"
2022-05-17T18:30:00.000Z,"16,240.30",-0.12,-0.14,"290,400"
2022-05-18T18:30:00.000Z,"15,809.40",-2.65,-2.68,"313,900"
2022-05-19T18:30:00.000Z,"16,266.15",2.89,2.86,"252,400"
2022-05-22T18:30:00.000Z,"16,214.70",-0.32,-0.34,"293,800"
2022-05-23T18:30:00.000Z,"16,125.15",-0.55,-0.58,"249,800"
2022-05-24T18:30:00.000Z,"16,025.80",-0.62,-0.64,"243,300"
2022-05-25T18:30:00.000Z,"16,170.15",0.9,0.88,"314,300"
2022-05-26T18:30:00.000Z,"16,352.45",1.13,1.1,"274,100"
2022-05-29T18:30:00.000Z,"16,661.40",1.89,1.86,"251,400"
2022-05-30T18:30:00.000Z,"16,584.55",-0.46,-0.49,"651,600"
2022-05-31T18:30:00.000Z,"16,522.75",-0.37,-0.4,"249,600"
2022-06-01T18:30:00.000Z,"16,628.00",0.64,0.61,"236,000"
2022-06-02T18:30:00.000Z,"16,584.30",-0.26,-0.29,"245,500"
2022-06-05T18:30:00.000Z,"16,569.55",-0.09,-0.11,"233,600"
2022-06-06T18:30:00.000Z,"16,416.35",-0.92,-0.95,"233,800"
2022-06-07T18:30:00.000Z,"16,356.25",-0.37,-0.39,"243,500"
2022-06-08T18:30:00.000Z,"16,478.10",0.74,0.72,"205,000"
2022-06-09T18:30:00.000Z,"16,201.80",-1.68,-1.7,"189,700"
2022-06-12T18:30:00.000Z,"15,774.40",-2.64,-2.66,"225,500"
2022-06-13T18:30:00.000Z,"15,732.10",-0.27,-0.29,"225,400"
2022-06-14T18:30:00.000Z,"15,692.15",-0.25,-0.28,"183,000"
2022-06-15T18:30:00.000Z,"15,360.60",-2.11,-2.14,"264,700"
2022-06-16T18:30:00.000Z,"15,293.50",-0.44,-0.46,"342,600"
2022-06-19T18:30:00.000Z,"15,350.15",0.37,0.35,"260,000"
2022-06-20T18:30:00.000Z,"15,638.80",1.88,1.86,"262,800"
2022-06-21T18:30:00.000Z,"15,413.30",-1.44,-1.47,"220,900"
2022-06-22T18:30:00.000Z,"15,556.65",0.93,0.91,"259,200"
2022-06-23T18:30:00.000Z,"15,699.25",0.92,0.89,"219,600"
2022-06-26T18:30:00.000Z,"15,832.05",0.85,0.82,"210,900"
2022-06-27T18:30:00.000Z,"15,850.20",0.11,0.09,"251,900"
2022-06-28T18:30:00.000Z,"15,799.10",-0.32,-0.35,"444,900"
2022-06-29T18:30:00.000Z,"15,780.25",-0.12,-0.14,"306,000"
2022-06-30T18:30:00.000Z,"15,752.05",-0.18,-0.2,"364,100"
2022-07-03T18:30:00.000Z,"15,835.35",0.53,0.5,"304,300"
2022-07-04T18:30:00.000Z,"15,810.85",-0.15,-0.18,"254,200"
2022-07-05T18:30:00.000Z,"15,989.80",1.13,1.11,"288,400"
2022-07-06T18:30:00.000Z,"16,132.90",0.89,0.87,"264,600"
2022-07-07T18:30:00.000Z,"16,220.60",0.54,0.52,"281,100"
2022-07-10T18:30:00.000Z,"16,216.00",-0.03,-0.05,"255,900"
2022-07-11T18:30:00.000Z,"16,058.30",-0.97,-1.0,"208,600"
2022-07-12T18:30:00.000Z,"15,966.65",-0.57,-0.6,"233,300"
2022-07-13T18:30:00.000Z,"15,938.65",-0.18,-0.2,"228,600"
2022-07-14T18:30:00.000Z,"16,049.20",0.69,0.67,"205,800"
2022-07-17T18:30:00.000Z,"16,278.50",1.43,1.4,"227,700"
2022-07-18T18:30:00.000Z,"16,340.55",0.38,0.36,"222,600"
2022-07-19T18:30:00.000Z,"16,520.85",1.1,1.08,"284,400"
2022-07-20T18:30:00.000Z,"16,605.25",0.51,0.49,"243,600"
2022-07-21T18:30:00.000Z,"16,719.45",0.69,0.66,"190,900"
2022-07-24T18:30:00.000Z,"16,631.00",-0.53,-0.55,"211,400"
2022-07-25T18:30:00.000Z,"16,483.85",-0.88,-0.91,"208,200"
2022-07-26T18:30:00.000Z,"16,641.80",0.96,0.93,"185,200"
2022-07-27T18:30:00.000Z,"16,929.60",1.73,1.7,"376,300"
2022-07-28T18:30:00.000Z,"17,158.25",1.35,1.33,"436,100"
2022-07-31T18:30:00.000Z,"17,340.05",1.06,1.03,"381,500"
2022-08-01T18:30:00.000Z,"17,345.45",0.03,0.01,"333,600"
2022-08-02T18:30:00.000Z,"17,388.15",0.25,0.22,"285,400"
2022-08-03T18:30:00.000Z,"17,382.00",-0.04,-0.06,"325,000"
2022-08-04T18:30:00.000Z,"17,397.50",0.09,0.06,"355,300"
2022-08-07T18:30:00.000Z,"17,525.10",0.73,0.71,"257,000"
2022-08-09T18:30:00.000Z,"17,534.75",0.06,0.03,"312,700"
2022-08-10T18:30:00.000Z,"17,659.00",0.71,0.68,"311,200"
2022-08-11T18:30:00.000Z,"17,698.15",0.22,0.2,"303,900"
2022-08-15T18:30:00.000Z,"17,825.25",0.72,0.69,0
2022-08-16T18:30:00.000Z,"17,944.25",0.67,0.64,"262,800"
2022-08-17T18:30:00.000Z,"17,956.50",0.07,0.04,"263,900"
2022-08-18T18:30:00.000Z,"17,758.45",-1.1,-1.13,"295,600"
2022-08-21T18:30:00.000Z,"17,490.70",-1.51,-1.53,"287,600"
2022-08-22T18:30:00.000Z,"17,577.50",0.5,0.47,"285,600"
2022-08-23T18:30:00.000Z,"17,604.95",0.16,0.13,"262,000"
2022-08-24T18:30:00.000Z,"17,522.45",-0.47,-0.49,"230,200"
2022-08-25T18:30:00.000Z,"17,558.90",0.21,0.18,"266,600"
2022-08-28T18:30:00.000Z,"17,312.90",-1.4,-1.43,"244,900"
2022-08-29T18:30:00.000Z,"17,759.30",2.58,2.55,"324,700"
2022-08-31T18:30:00.000Z,"17,542.80",-1.22,-1.24,"308,500"
2022-09-01T18:30:00.000Z,"17,539.45",-0.02,-0.04,"256,300"
2022-09-04T18:30:00.000Z,"17,665.80",0.72,0.7,"230,300"
2022-09-05T18:30:00.000Z,"17,655.60",-0.06,-0.08,"251,200"
2022-09-06T18:30:00.000Z,"17,624.40",-0.18,-0.2,"354,100"
2022-09-07T18:30:00.000Z,"17,798.75",0.99,0.96,"279,800"
2022-09-08T18:30:00.000Z,"17,833.35",0.19,0.17,"270,300"
2022-09-11T18:30:00.000Z,"17,936.35",0.58,0.55,"228,200"
2022-09-12T18:30:00.000Z,"18,070.05",0.75,0.72,"259,900"
2022-09-13T18:30:00.000Z,"18,003.75",-0.37,-0.39,"365,900"
2022-09-14T18:30:00.000Z,"17,877.40",-0.7,-0.73,"289,600"
2022-09-15T18:30:00.000Z,"17,530.85",-1.94,-1.96,"468,500"
2022-09-18T18:30:00.000Z,"17,622.25",0.52,0.5,"258,300"
2022-09-19T18:30:00.000Z,"17,816.25",1.1,1.08,"263,100"
2022-09-20T18:30:00.000Z,"17,718.35",-0.55,-0.57,"245,500"
2022-09-21T18:30:00.000Z,"17,629.80",-0.5,-0.52,"284,100"
2022-09-22T18:30:00.000Z,"17,327.35",-1.72,-1.74,"390,800"
2022-09-25T18:30:00.000Z,"17,016.30",-1.8,-1.82,"492,000"
2022-09-26T18:30:00.000Z,"17,007.40",-0.05,-0.08,"359,900"
2022-09-27T18:30:00.000Z,"16,858.60",-0.87,-0.9,"323,900"
2022-09-28T18:30:00.000Z,"16,818.10",-0.24,-0.27,"340,000"
2022-09-29T18:30:00.000Z,"17,094.35",1.64,1.62,"376,100"
2022-10-02T18:30:00.000Z,"16,887.35",-1.21,-1.24,"278,400"
2022-10-03T18:30:00.000Z,"17,274.30",2.29,2.27,"226,000"
2022-10-05T18:30:00.000Z,"17,331.80",0.33,0.31,"265,500"
2022-10-06T18:30:00.000Z,"17,314.65",-0.1,-0.12,"216,300"
2022-10-09T18:30:00.000Z,"17,241.00",-0.43,-0.45,"234,000"
2022-10-10T18:30:00.000Z,"16,983.55",-1.49,-1.52,"282,600"
2022-10-11T18:30:00.000Z,"17,123.60",0.82,0.8,"256,000"
2022-10-12T18:30:00.000Z,"17,014.35",-0.64,-0.66,"266,400"
2022-10-13T18:30:00.000Z,"17,185.70",1.01,0.98,"227,000"
2022-10-16T18:30:00.000Z,"17,311.80",0.73,0.71,"212,200"
2022-10-17T18:30:00.000Z,"17,486.95",1.01,0.99,"239,500"
2022-10-18T18:30:00.000Z,"17,512.25",0.14,0.12,"210,500"
2022-10-19T18:30:00.000Z,"17,563.95",0.3,0.27,"249,600"
2022-10-20T18:30:00.000Z,"17,576.30",0.07,0.05,"277,700"
2022-10-23T18:30:00.000Z,"17,730.75",0.88,0.85,"45,000"
2022-10-24T18:30:00.000Z,"17,656.35",-0.42,-0.44,"251,400"
2022-10-26T18:30:00.000Z,"17,736.95",0.46,0.43,"324,600"
2022-10-27T18:30:00.000Z,"17,786.80",0.28,0.26,"250,000"
2022-10-30T18:30:00.000Z,"18,012.20",1.27,1.24,"227,200"
2022-10-31T18:30:00.000Z,"18,145.40",0.74,0.71,"349,900"
2022-11-01T18:30:00.000Z,"18,082.85",-0.34,-0.37,"270,900"
2022-11-02T18:30:00.000Z,"18,052.70",-0.17,-0.19,"213,000"
2022-11-03T18:30:00.000Z,"18,117.15",0.36,0.33,"267,900"
2022-11-06T18:30:00.000Z,"18,202.80",0.47,0.45,"314,800"
2022-11-08T18:30:00.000Z,"18,157.00",-0.25,-0.28,"307,200"
2022-11-09T18:30:00.000Z,"18,028.20",-0.71,-0.73,"256,500"
2022-11-10T18:30:00.000Z,"18,349.70",1.78,1.76,"378,500"
2022-11-13T18:30:00.000Z,"18,329.15",-0.11,-0.14,"301,400"
2022-11-14T18:30:00.000Z,"18,403.40",0.41,0.38,"250,900"
2022-11-15T18:30:00.000Z,"18,409.65",0.03,0.01,"219,300"
2022-11-16T18:30:00.000Z,"18,343.90",-0.36,-0.38,"200,500"
2022-11-17T18:30:00.000Z,"18,307.65",-0.2,-0.22,"198,800"
2022-11-20T18:30:00.000Z,"18,159.95",-0.81,-0.83,"213,800"
2022-11-21T18:30:00.000Z,"18,244.20",0.46,0.44,"177,700"
2022-11-22T18:30:00.000Z,"18,267.25",0.13,0.1,"178,800"
2022-11-23T18:30:00.000Z,"18,484.10",1.19,1.16,"204,000"
2022-11-24T18:30:00.000Z,"18,512.75",0.16,0.13,"205,900"
2022-11-27T18:30:00.000Z,"18,562.75",0.27,0.25,"206,500"
2022-11-28T18:30:00.000Z,"18,618.05",0.3,0.27,"195,300"
2022-11-29T18:30:00.000Z,"18,758.35",0.75,0.73,"345,600"
2022-11-30T18:30:00.000Z,"18,812.50",0.29,0.26,"325,000"
2022-12-01T18:30:00.000Z,"18,696.10",-0.62,-0.64,"254,400"
2022-12-04T18:30:00.000Z,"18,701.05",0.03,0.0,"288,400"
2022-12-05T18:30:00.000Z,"18,642.75",-0.31,-0.34,"217,800"
2022-12-06T18:30:00.000Z,"18,560.50",-0.44,-0.47,"200,500"
2022-12-07T18:30:00.000Z,"18,609.35",0.26,0.24,"202,800"
2022-12-08T18:30:00.000Z,"18,496.60",-0.61,-0.63,"215,800"
2022-12-11T18:30:00.000Z,"18,497.15",0.0,-0.02,"193,900"
2022-12-12T18:30:00.000Z,"18,608.00",0.6,0.57,"187,600"
2022-12-13T18:30:00.000Z,"18,660.30",0.28,0.26,"208,000"
2022-12-14T18:30:00.000Z,"18,414.90",-1.32,-1.34,"183,100"
2022-12-15T18:30:00.000Z,"18,269.00",-0.79,-0.82,"277,700"
2022-12-18T18:30:00.000Z,"18,420.45",0.83,0.8,"154,800"
2022-12-19T18:30:00.000Z,"18,385.30",-0.19,-0.22,"169,000"
2022-12-20T18:30:00.000Z,"18,199.10",-1.01,-1.04,"187,600"
2022-12-21T18:30:00.000Z,"18,127.35",-0.39,-0.42,"195,700"
2022-12-22T18:30:00.000Z,"17,806.80",-1.77,-1.79,"221,500"
2022-12-25T18:30:00.000Z,"18,014.60",1.17,1.14,"176,700"
2022-12-26T18:30:00.000Z,"18,132.30",0.65,0.63,"214,300"
2022-12-27T18:30:00.000Z,"18,122.50",-0.05,-0.08,"193,900"
2022-12-28T18:30:00.000Z,"18,191.00",0.38,0.35,"281,100"
2022-12-29T18:30:00.000Z,"18,105.30",-0.47,-0.5,"192,000"
2023-01-01T18:30:00.000Z,"18,197.45",0.51,0.48,"256,100"
2023-01-01T18:30:00.000Z,"18,197.45",0.51,0.43,"256,100"
2023-01-02T18:30:00.000Z,"18,232.55",0.19,0.12,"208,700"
2023-01-03T18:30:00.000Z,"18,042.95",-1.04,-1.11,"235,200"
2023-01-04T18:30:00.000Z,"17,992.15",-0.28,-0.36,"269,900"
2023-01-05T18:30:00.000Z,"17,859.45",-0.74,-0.81,"238,200"
2023-01-08T18:30:00.000Z,"18,101.20",1.35,1.28,"257,200"
2023-01-09T18:30:00.000Z,"17,914.15",-1.03,-1.11,"283,300"
2023-01-10T18:30:00.000Z,"17,895.70",-0.1,-0.18,"259,900"
2023-01-11T18:30:00.000Z,"17,858.20",-0.21,-0.28,"227,800"
2023-01-12T18:30:00.000Z,"17,956.60",0.55,0.48,"256,700"
2023-01-15T18:30:00.000Z,"17,894.85",-0.34,-0.42,"206,200"
2023-01-16T18:30:00.000Z,"18,053.30",0.89,0.81,"219,100"
2023-01-17T18:30:00.000Z,"18,165.35",0.62,0.55,"255,800"
2023-01-18T18:30:00.000Z,"18,107.85",-0.32,-0.39,"237,800"
2023-01-19T18:30:00.000Z,"18,027.65",-0.44,-0.52,"237,200"
2023-01-22T18:30:00.000Z,"18,118.55",0.5,0.43,"202,500"
2023-01-23T18:30:00.000Z,"18,118.30",0.0,-0.08,"216,900"
2023-01-24T18:30:00.000Z,"17,891.95",-1.25,-1.32,"257,200"
2023-01-26T18:30:00.000Z,"17,604.35",-1.61,-1.68,"476,300"
2023-01-29T18:30:00.000Z,"17,648.95",0.25,0.18,"432,400"
2023-01-30T18:30:00.000Z,"17,662.15",0.07,0.0,"398,300"
2023-01-31T18:30:00.000Z,"17,616.30",-0.26,-0.33,"512,900"
2023-02-01T18:30:00.000Z,"17,610.40",-0.03,-0.11,"490,100"
2023-02-02T18:30:00.000Z,"17,854.05",1.38,1.31,"424,100"
2023-02-05T18:30:00.000Z,"17,764.60",-0.5,-0.58,"282,500"
2023-02-06T18:30:00.000Z,"17,721.50",-0.24,-0.32,"354,400"
2023-02-07T18:30:00.000Z,"17,871.70",0.85,0.77,"291,000"
2023-02-08T18:30:00.000Z,"17,893.45",0.12,0.05,"260,900"
2023-02-09T18:30:00.000Z,"17,856.50",-0.21,-0.28,"232,000"
2023-02-12T18:30:00.000Z,"17,770.90",-0.48,-0.55,"231,300"
2023-02-13T18:30:00.000Z,"17,929.85",0.89,0.82,"244,500"
2023-02-14T18:30:00.000Z,"18,015.85",0.48,0.41,"229,300"
2023-02-15T18:30:00.000Z,"18,035.85",0.11,0.04,"230,200"
2023-02-16T18:30:00.000Z,"17,944.20",-0.51,-0.58,"208,100"
2023-02-19T18:30:00.000Z,"17,844.60",-0.56,-0.63,"174,600"
2023-02-20T18:30:00.000Z,"17,826.70",-0.1,-0.17,"198,200"
2023-02-21T18:30:00.000Z,"17,554.30",-1.53,-1.6,"204,000"
2023-02-22T18:30:00.000Z,"17,511.25",-0.25,-0.32,"240,800"
2023-02-23T18:30:00.000Z,"17,465.80",-0.26,-0.33,"209,400"
2023-02-26T18:30:00.000Z,"17,392.70",-0.42,-0.49,"246,400"
2023-02-27T18:30:00.000Z,"17,303.95",-0.51,-0.58,"420,900"
2023-02-28T18:30:00.000Z,"17,450.90",0.85,0.77,"272,900"
2023-03-01T18:30:00.000Z,"17,321.90",-0.74,-0.81,"310,700"
2023-03-02T18:30:00.000Z,"17,594.35",1.57,1.5,"356,200"
2023-03-05T18:30:00.000Z,"17,711.45",0.67,0.59,"362,800"
2023-03-07T18:30:00.000Z,"17,754.40",0.24,0.17,"267,000"
2023-03-08T18:30:00.000Z,"17,589.60",-0.93,-1.0,"262,400"
2023-03-09T18:30:00.000Z,"17,412.90",-1.0,-1.08,"235,900"
2023-03-12T18:30:00.000Z,"17,154.30",-1.49,-1.56,"254,900"
2023-03-13T18:30:00.000Z,"17,043.30",-0.65,-0.72,"290,600"
2023-03-14T18:30:00.000Z,"16,972.15",-0.42,-0.49,"248,200"
2023-03-15T18:30:00.000Z,"16,985.60",0.08,0.0,"349,800"
2023-03-16T18:30:00.000Z,"17,100.05",0.67,0.6,"408,100"
2023-03-19T18:30:00.000Z,"16,988.40",-0.65,-0.73,"241,800"
2023-03-20T18:30:00.000Z,"17,107.50",0.7,0.63,"246,700"
2023-03-21T18:30:00.000Z,"17,151.90",0.26,0.18,0
2023-03-22T18:30:00.000Z,"17,076.90",-0.44,-0.51,"219,200"
2023-03-23T18:30:00.000Z,"16,945.05",-0.77,-0.85,"228,000"
2023-03-26T18:30:00.000Z,"16,985.70",0.24,0.17,"218,400"
2023-03-27T18:30:00.000Z,"16,951.70",-0.2,-0.27,"238,800"
2023-03-28T18:30:00.000Z,"17,080.70",0.76,0.69,"345,900"
2023-03-30T18:30:00.000Z,"17,359.75",1.63,1.56,"263,900"
2023-04-02T18:30:00.000Z,"17,398.05",0.22,0.15,"230,200"
2023-04-04T18:30:00.000Z,"17,557.05",0.91,0.84,"248,300"
2023-04-05T18:30:00.000Z,"17,599.15",0.24,0.17,"242,700"
2023-04-09T18:30:00.000Z,"17,624.05",0.14,0.07,"254,800"
2023-04-10T18:30:00.000Z,"17,722.30",0.56,0.48,"304,300"
2023-04-11T18:30:00.000Z,"17,812.40",0.51,0.43,"232,800"
2023-04-12T18:30:00.000Z,"17,828.00",0.09,0.01,"285,800"
2023-04-16T18:30:00.000Z,"17,706.85",-0.68,-0.75,"357,400"
2023-04-17T18:30:00.000Z,"17,660.15",-0.26,-0.34,"258,900"
2023-04-18T18:30:00.000Z,"17,618.75",-0.23,-0.31,"281,500"
2023-04-19T18:30:00.000Z,"17,624.45",0.03,-0.04,"215,100"
2023-04-20T18:30:00.000Z,"17,624.05",0.0,-0.08,"230,200"
2023-04-23T18:30:00.000Z,"17,743.40",0.68,0.6,"255,700"
2023-04-24T18:30:00.000Z,"17,769.25",0.15,0.07,"297,400"
2023-04-25T18:30:00.000Z,"17,813.60",0.25,0.17,"233,000"
2023-04-26T18:30:00.000Z,"17,915.05",0.57,0.49,"241,400"
2023-04-27T18:30:00.000Z,"18,065.00",0.84,0.76,"290,300"
2023-05-01T18:30:00.000Z,"18,147.65",0.46,0.38,"265,200"
2023-05-02T18:30:00.000Z,"18,089.85",-0.32,-0.39,"226,200"
2023-05-03T18:30:00.000Z,"18,255.80",0.92,0.84,"226,600"
2023-05-04T18:30:00.000Z,"18,069.00",-1.02,-1.1,"239,700"
2023-05-07T18:30:00.000Z,"18,264.40",1.08,1.01,"228,400"
2023-05-08T18:30:00.000Z,"18,265.95",0.01,-0.07,"245,400"
2023-05-09T18:30:00.000Z,"18,315.10",0.27,0.19,"220,500"
2023-05-10T18:30:00.000Z,"18,297.00",-0.1,-0.17,"248,900"
2023-05-11T18:30:00.000Z,"18,314.80",0.1,0.02,"241,700"
2023-05-14T18:30:00.000Z,"18,398.85",0.46,0.38,"216,100"
2023-05-15T18:30:00.000Z,"18,286.50",-0.61,-0.69,"219,500"
2023-05-16T18:30:00.000Z,"18,181.75",-0.57,-0.65,"229,900"
2023-05-17T18:30:00.000Z,"18,129.95",-0.28,-0.36,"272,100"
2023-05-18T18:30:00.000Z,"18,203.40",0.41,0.33,"260,900"
2023-05-21T18:30:00.000Z,"18,314.40",0.61,0.54,"262,600"
2023-05-22T18:30:00.000Z,"18,348.00",0.18,0.11,"270,400"
2023-05-23T18:30:00.000Z,"18,285.40",-0.34,-0.42,"232,600"
2023-05-24T18:30:00.000Z,"18,321.15",0.2,0.12,"235,900"
2023-05-25T18:30:00.000Z,"18,499.35",0.97,0.9,"198,700"
2023-05-28T18:30:00.000Z,"18,598.65",0.54,0.46,"265,300"
2023-05-29T18:30:00.000Z,"18,633.85",0.19,0.11,"234,400"
2023-05-30T18:30:00.000Z,"18,534.40",-0.53,-0.61,"696,500"
2023-05-31T18:30:00.000Z,"18,487.75",-0.25,-0.33,"265,600"
2023-06-01T18:30:00.000Z,"18,534.10",0.25,0.18,"270,900"
2023-06-04T18:30:00.000Z,"18,593.85",0.32,0.25,"256,100"
2023-06-05T18:30:00.000Z,"18,599.00",0.03,-0.05,"220,800"
2023-06-06T18:30:00.000Z,"18,726.40",0.68,0.61,"260,100"
2023-06-07T18:30:00.000Z,"18,634.55",-0.49,-0.57,"286,500"
2023-06-08T18:30:00.000Z,"18,563.40",-0.38,-0.46,"221,800"
2023-06-11T18:30:00.000Z,"18,601.50",0.21,0.13,"179,500"
2023-06-12T18:30:00.000Z,"18,716.15",0.62,0.54,"233,200"
2023-06-13T18:30:00.000Z,"18,755.90",0.21,0.14,"261,400"
2023-06-14T18:30:00.000Z,"18,688.10",-0.36,-0.44,"263,000"
2023-06-15T18:30:00.000Z,"18,826.00",0.74,0.66,"272,800"
2023-06-18T18:30:00.000Z,"18,755.45",-0.37,-0.45,"219,800"
2023-06-19T18:30:00.000Z,"18,816.70",0.33,0.25,"211,600"
2023-06-20T18:30:00.000Z,"18,856.85",0.21,0.14,"217,500"
2023-06-21T18:30:00.000Z,"18,771.25",-0.45,-0.53,"252,700"
2023-06-22T18:30:00.000Z,"18,665.50",-0.56,-0.64,"210,600"
2023-06-25T18:30:00.000Z,"18,691.20",0.14,0.06,"171,300"
2023-06-26T18:30:00.000Z,"18,817.40",0.68,0.6,"222,500"
2023-06-27T18:30:00.000Z,"18,972.10",0.82,0.75,"398,800"
2023-06-29T18:30:00.000Z,"19,189.05",1.14,1.07,"247,900"
2023-07-02T18:30:00.000Z,"19,322.55",0.7,0.62,"226,100"
2023-07-03T18:30:00.000Z,"19,389.00",0.34,0.27,"226,900"
2023-07-04T18:30:00.000Z,"19,398.50",0.05,-0.03,"224,400"
2023-07-05T18:30:00.000Z,"19,497.30",0.51,0.43,"268,300"
2023-07-06T18:30:00.000Z,"19,331.80",-0.85,-0.92,"237,100"
2023-07-09T18:30:00.000Z,"19,355.90",0.12,0.05,"268,200"
2023-07-10T18:30:00.000Z,"19,439.40",0.43,0.36,"251,300"
2023-07-11T18:30:00.000Z,"19,384.30",-0.28,-0.36,"327,900"
2023-07-12T18:30:00.000Z,"19,413.75",0.15,0.08,"310,400"
2023-07-13T18:30:00.000Z,"19,564.50",0.78,0.7,"291,200"
2023-07-16T18:30:00.000Z,"19,711.45",0.75,0.68,"268,700"
2023-07-17T18:30:00.000Z,"19,749.25",0.19,0.12,"286,400"
2023-07-18T18:30:00.000Z,"19,833.15",0.42,0.35,"259,700"
2023-07-19T18:30:00.000Z,"19,979.15",0.74,0.66,"274,700"
2023-07-20T18:30:00.000Z,"19,745.00",-1.17,-1.25,"312,500"
2023-07-23T18:30:00.000Z,"19,672.35",-0.37,-0.44,"265,600"
2023-07-24T18:30:00.000Z,"19,680.60",0.04,-0.03,"369,700"
2023-07-25T18:30:00.000Z,"19,778.30",0.5,0.42,"244,700"
2023-07-26T18:30:00.000Z,"19,659.90",-0.6,-0.67,"334,900"
2023-07-27T18:30:00.000Z,"19,646.05",-0.07,-0.15,"258,700"
2023-07-30T18:30:00.000Z,"19,753.80",0.55,0.47,"295,100"
2023-07-31T18:30:00.000Z,"19,733.55",-0.1,-0.18,"298,000"
2023-08-01T18:30:00.000Z,"19,526.55",-1.05,-1.12,"290,700"
2023-08-02T18:30:00.000Z,"19,381.65",-0.74,-0.82,"315,700"
2023-08-03T18:30:00.000Z,"19,517.00",0.7,0.62,"280,800"
2023-08-06T18:30:00.000Z,"19,597.30",0.41,0.34,"216,600"
2023-08-07T18:30:00.000Z,"19,570.85",-0.13,-0.21,"260,300"
2023-08-08T18:30:00.000Z,"19,632.55",0.32,0.24,"266,500"
2023-08-09T18:30:00.000Z,"19,543.10",-0.46,-0.53,"312,200"
2023-08-10T18:30:00.000Z,"19,428.30",-0.59,-0.66,"235,500"
2023-08-13T18:30:00.000Z,"19,434.55",0.03,-0.04,"243,900"
2023-08-15T18:30:00.000Z,"19,465.00",0.16,0.08,0
2023-08-16T18:30:00.000Z,"19,365.25",-0.51,-0.59,"268,700"
2023-08-17T18:30:00.000Z,"19,310.15",-0.28,-0.36,"256,100"
2023-08-20T18:30:00.000Z,"19,393.60",0.43,0.36,"262,600"
2023-08-21T18:30:00.000Z,"19,396.45",0.01,-0.06,"208,700"
2023-08-22T18:30:00.000Z,"19,444.00",0.25,0.17,"225,200"
2023-08-23T18:30:00.000Z,"19,386.70",-0.29,-0.37,"268,300"
2023-08-24T18:30:00.000Z,"19,265.80",-0.62,-0.7,"466,500"
2023-08-27T18:30:00.000Z,"19,306.05",0.21,0.13,"248,200"
2023-08-28T18:30:00.000Z,"19,342.65",0.19,0.11,"307,400"
2023-08-29T18:30:00.000Z,"19,347.45",0.02,-0.05,"233,000"
2023-08-30T18:30:00.000Z,"19,253.80",-0.48,-0.56,"562,600"
2023-08-31T18:30:00.000Z,"19,435.30",0.94,0.87,"333,000"
2023-09-03T18:30:00.000Z,"19,528.80",0.48,0.41,"296,800"
2023-09-04T18:30:00.000Z,"19,574.90",0.24,0.16,"256,800"
2023-09-05T18:30:00.000Z,"19,611.05",0.18,0.11,"287,600"
2023-09-06T18:30:00.000Z,"19,727.05",0.59,0.52,"304,900"
2023-09-07T18:30:00.000Z,"19,819.95",0.47,0.4,"288,100"
2023-09-10T18:30:00.000Z,"19,996.35",0.89,0.82,"248,800"
2023-09-11T18:30:00.000Z,"19,993.20",-0.02,-0.09,"328,100"
2023-09-12T18:30:00.000Z,"20,070.00",0.38,0.31,"251,400"
2023-09-13T18:30:00.000Z,"20,103.10",0.16,0.09,"275,100"
2023-09-14T18:30:00.000Z,"20,192.35",0.44,0.37,"438,200"
2023-09-17T18:30:00.000Z,"20,133.30",-0.29,-0.37,"264,900"
2023-09-19T18:30:00.000Z,"19,901.40",-1.15,-1.23,"378,100"
2023-09-20T18:30:00.000Z,"19,742.35",-0.8,-0.87,"275,100"
2023-09-21T18:30:00.000Z,"19,674.25",-0.34,-0.42,"246,400"
2023-09-24T18:30:00.000Z,"19,674.55",0.0,-0.07,"188,400"
2023-09-25T18:30:00.000Z,"19,664.70",-0.05,-0.12,"204,900"
2023-09-26T18:30:00.000Z,"19,716.45",0.26,0.19,"203,600"
2023-09-27T18:30:00.000Z,"19,523.55",-0.98,-1.05,"352,800"
2023-09-28T18:30:00.000Z,"19,638.30",0.59,0.51,"243,500"
2023-10-02T18:30:00.000Z,"19,528.75",-0.56,-0.63,"221,700"
2023-10-03T18:30:00.000Z,"19,436.10",-0.47,-0.55,"277,100"
2023-10-04T18:30:00.000Z,"19,545.75",0.56,0.49,"234,900"
2023-10-05T18:30:00.000Z,"19,653.50",0.55,0.48,"159,100"
2023-10-08T18:30:00.000Z,"19,512.35",-0.72,-0.79,"165,100"
2023-10-09T18:30:00.000Z,"19,689.85",0.91,0.84,"216,600"
2023-10-10T18:30:00.000Z,"19,811.35",0.62,0.54,"213,700"
2023-10-11T18:30:00.000Z,"19,794.00",-0.09,-0.16,"217,900"
2023-10-12T18:30:00.000Z,"19,751.05",-0.22,-0.29,"255,000"
2023-10-15T18:30:00.000Z,"19,731.75",-0.1,-0.17,"181,000"
2023-10-16T18:30:00.000Z,"19,811.50",0.4,0.33,"185,800"
2023-10-17T18:30:00.000Z,"19,671.10",-0.71,-0.78,"198,900"
2023-10-18T18:30:00.000Z,"19,624.70",-0.24,-0.31,"230,300"
2023-10-19T18:30:00.000Z,"19,542.65",-0.42,-0.49,"198,300"
2023-10-22T18:30:00.000Z,"19,281.75",-1.34,-1.41,"176,000"
2023-10-24T18:30:00.000Z,"19,122.15",-0.83,-0.9,"225,300"
2023-10-25T18:30:00.000Z,"18,857.25",-1.39,-1.46,"300,400"
2023-10-26T18:30:00.000Z,"19,047.25",1.01,0.93,"205,200"
2023-10-29T18:30:00.000Z,"19,140.90",0.49,0.42,"180,100"
2023-10-30T18:30:00.000Z,"19,079.60",-0.32,-0.39,"206,000"
2023-10-31T18:30:00.000Z,"18,989.15",-0.47,-0.55,"194,100"
2023-11-01T18:30:00.000Z,"19,133.25",0.76,0.68,"245,600"
2023-11-02T18:30:00.000Z,"19,230.60",0.51,0.43,"189,500"
2023-11-05T18:30:00.000Z,"19,411.75",0.94,0.87,"180,700"
2023-11-06T18:30:00.000Z,"19,406.70",-0.03,-0.1,"198,700"
2023-11-07T18:30:00.000Z,"19,443.50",0.19,0.12,"195,000"
2023-11-08T18:30:00.000Z,"19,395.30",-0.25,-0.32,"208,400"
2023-11-09T18:30:00.000Z,"19,425.35",0.15,0.08,"152,200"
2023-11-12T18:30:00.000Z,"19,443.55",0.09,0.02,"189,300"
2023-11-14T18:30:00.000Z,"19,675.45",1.19,1.12,"291,500"
2023-11-15T18:30:00.000Z,"19,765.20",0.46,0.38,"282,700"
2023-11-16T18:30:00.000Z,"19,731.80",-0.17,-0.24,"236,800"
2023-11-19T18:30:00.000Z,"19,694.00",-0.19,-0.27,"173,800"
2023-11-20T18:30:00.000Z,"19,783.40",0.45,0.38,"195,000"
2023-11-21T18:30:00.000Z,"19,811.85",0.14,0.07,"184,500"
2023-11-22T18:30:00.000Z,"19,802.00",-0.05,-0.12,"170,000"
2023-11-23T18:30:00.000Z,"19,794.70",-0.04,-0.11,"145,900"
2023-11-27T18:30:00.000Z,"19,889.70",0.48,0.41,"229,600"
2023-11-28T18:30:00.000Z,"20,096.60",1.04,0.97,"236,200"
2023-11-29T18:30:00.000Z,"20,133.15",0.18,0.11,"486,600"
2023-11-30T18:30:00.000Z,"20,267.90",0.67,0.59,"265,800"
2023-12-03T18:30:00.000Z,"20,686.80",2.07,1.99,"381,100"
2023-12-04T18:30:00.000Z,"20,855.10",0.81,0.74,"421,000"
2023-12-05T18:30:00.000Z,"20,937.70",0.4,0.32,"359,200"
2023-12-06T18:30:00.000Z,"20,901.15",-0.17,-0.25,"275,000"
2023-12-07T18:30:00.000Z,"20,969.40",0.33,0.25,"292,400"
2023-12-10T18:30:00.000Z,"20,997.10",0.13,0.06,"212,900"
2023-12-11T18:30:00.000Z,"20,906.40",-0.43,-0.51,"244,900"
2023-12-12T18:30:00.000Z,"20,926.35",0.1,0.02,"260,300"
2023-12-13T18:30:00.000Z,"21,182.70",1.23,1.15,"334,400"
2023-12-14T18:30:00.000Z,"21,456.65",1.29,1.22,"508,800"
2023-12-17T18:30:00.000Z,"21,418.65",-0.18,-0.25,"249,700"
2023-12-18T18:30:00.000Z,"21,453.10",0.16,0.09,"249,800"
2023-12-19T18:30:00.000Z,"21,150.15",-1.41,-1.49,"363,900"
2023-12-20T18:30:00.000Z,"21,255.05",0.5,0.42,"277,500"
2023-12-21T18:30:00.000Z,"21,349.40",0.44,0.37,"284,700"
2023-12-25T18:30:00.000Z,"21,441.35",0.43,0.36,"219,500"
2023-12-26T18:30:00.000Z,"21,654.75",1.0,0.92,"256,500"
2023-12-27T18:30:00.000Z,"21,778.70",0.57,0.5,"393,100"
2023-12-28T18:30:00.000Z,"21,731.40",-0.22,-0.29,"270,900"
2023-12-31T18:30:00.000Z,"21,741.90",0.05,-0.03,"154,000"
2024-01-01T18:30:00.000Z,"21,665.80",-0.35,-0.42,"263,700"
2023-12-31T18:30:00.000Z,"21,741.90",0.05,0.0,"154,000"
2024-01-01T18:30:00.000Z,"21,665.80",-0.35,-0.4,"263,700"
2024-01-02T18:30:00.000Z,"21,517.35",-0.69,-0.73,"311,900"
2024-01-03T18:30:00.000Z,"21,658.60",0.66,0.61,"339,200"
2024-01-04T18:30:00.000Z,"21,710.80",0.24,0.19,"309,300"
2024-01-07T18:30:00.000Z,"21,513.00",-0.91,-0.96,"231,500"
2024-01-08T18:30:00.000Z,"21,544.85",0.15,0.1,"228,600"
2024-01-09T18:30:00.000Z,"21,618.70",0.34,0.3,"217,000"
2024-01-10T18:30:00.000Z,"21,647.20",0.13,0.08,"212,500"
2024-01-11T18:30:00.000Z,"21,894.55",1.14,1.1,"294,700"
2024-01-14T18:30:00.000Z,"22,097.45",0.93,0.88,"345,500"
2024-01-15T18:30:00.000Z,"22,032.30",-0.29,-0.34,"292,400"
2024-01-16T18:30:00.000Z,"21,571.95",-2.09,-2.14,"456,000"
2024-01-17T18:30:00.000Z,"21,462.25",-0.51,-0.56,"387,300"
2024-01-18T18:30:00.000Z,"21,622.40",0.75,0.7,"343,100"
2024-01-22T18:30:00.000Z,"21,238.80",-1.77,-1.82,"449,700"
2024-01-23T18:30:00.000Z,"21,453.95",1.01,0.97,"407,500"
2024-01-24T18:30:00.000Z,"21,352.60",-0.47,-0.52,"418,100"
2024-01-28T18:30:00.000Z,"21,737.60",1.8,1.76,"376,700"
2024-01-29T18:30:00.000Z,"21,522.10",-0.99,-1.04,"375,100"
2024-01-30T18:30:00.000Z,"21,725.70",0.95,0.9,"410,600"
2024-01-31T18:30:00.000Z,"21,697.45",-0.13,-0.18,"332,500"
2024-02-01T18:30:00.000Z,"21,853.80",0.72,0.67,"442,800"
2024-02-04T18:30:00.000Z,"21,771.70",-0.38,-0.42,"440,800"
2024-02-05T18:30:00.000Z,"21,929.40",0.72,0.68,"371,000"
2024-02-06T18:30:00.000Z,"21,930.50",0.01,-0.04,"346,300"
2024-02-07T18:30:00.000Z,"21,717.95",-0.97,-1.02,"491,100"
2024-02-08T18:30:00.000Z,"21,782.50",0.3,0.25,"349,200"
2024-02-11T18:30:00.000Z,"21,616.05",-0.76,-0.81,"287,400"
2024-02-12T18:30:00.000Z,"21,743.25",0.59,0.54,"365,800"
2024-02-13T18:30:00.000Z,"21,840.05",0.45,0.4,"359,100"
2024-02-14T18:30:00.000Z,"21,910.75",0.32,0.28,"345,400"
2024-02-15T18:30:00.000Z,"22,040.70",0.59,0.55,"343,900"
2024-02-18T18:30:00.000Z,"22,122.25",0.37,0.32,0
2024-02-19T18:30:00.000Z,"22,196.95",0.34,0.29,"295,700"
2024-02-20T18:30:00.000Z,"22,055.05",-0.64,-0.69,"364,500"
2024-02-21T18:30:00.000Z,"22,217.45",0.74,0.69,"343,500"
2024-02-22T18:30:00.000Z,"22,212.70",-0.02,-0.07,"226,000"
2024-02-25T18:30:00.000Z,"22,122.05",-0.41,-0.46,"207,800"
2024-02-26T18:30:00.000Z,"22,198.35",0.34,0.3,"252,200"
2024-02-27T18:30:00.000Z,"21,951.15",-1.11,-1.16,"203,000"
2024-02-28T18:30:00.000Z,"21,982.80",0.14,0.1,"360,200"
2024-02-29T18:30:00.000Z,"22,338.75",1.62,1.57,"351,500"
2024-03-03T18:30:00.000Z,"22,405.60",0.3,0.25,"298,800"
2024-03-04T18:30:00.000Z,"22,356.30",-0.22,-0.27,"296,200"
2024-03-05T18:30:00.000Z,"22,474.05",0.53,0.48,"312,300"
2024-03-06T18:30:00.000Z,"22,493.55",0.09,0.04,"379,900"
2024-03-10T18:30:00.000Z,"22,332.65",-0.72,-0.76,"277,900"
2024-03-11T18:30:00.000Z,"22,335.70",0.01,-0.03,"299,200"
2024-03-12T18:30:00.000Z,"21,997.70",-1.51,-1.56,"493,300"
2024-03-13T18:30:00.000Z,"22,146.65",0.68,0.63,"426,700"
2024-03-14T18:30:00.000Z,"22,023.35",-0.56,-0.6,"661,500"
2024-03-17T18:30:00.000Z,"22,055.70",0.15,0.1,"356,300"
2024-03-18T18:30:00.000Z,"21,817.45",-1.08,-1.13,"344,200"
2024-03-19T18:30:00.000Z,"21,839.10",0.1,0.05,"312,400"
2024-03-20T18:30:00.000Z,"22,011.95",0.79,0.74,"353,200"
2024-03-21T18:30:00.000Z,"22,096.75",0.39,0.34,"388,700"
2024-03-25T18:30:00.000Z,"22,004.70",-0.42,-0.46,"328,400"
2024-03-26T18:30:00.000Z,"22,123.65",0.54,0.49,"409,100"
2024-03-27T18:30:00.000Z,"22,326.90",0.92,0.87,"410,500"
2024-03-31T18:30:00.000Z,"22,462.00",0.61,0.56,0
2024-04-01T18:30:00.000Z,"22,453.30",-0.04,-0.09,"289,500"
2024-04-02T18:30:00.000Z,"22,434.65",-0.08,-0.13,"309,600"
2024-04-03T18:30:00.000Z,"22,514.65",0.36,0.31,"401,000"
2024-04-04T18:30:00.000Z,"22,513.70",0.0,-0.05,"242,200"
2024-04-07T18:30:00.000Z,"22,666.30",0.68,0.63,"227,600"
2024-04-08T18:30:00.000Z,"22,642.75",-0.1,-0.15,"232,400"
2024-04-09T18:30:00.000Z,"22,753.80",0.49,0.44,"276,800"
2024-04-11T18:30:00.000Z,"22,519.40",-1.03,-1.08,"357,200"
2024-04-14T18:30:00.000Z,"22,272.50",-1.1,-1.14,"355,500"
2024-04-15T18:30:00.000Z,"22,147.90",-0.56,-0.61,"317,300"
2024-04-17T18:30:00.000Z,"21,995.85",-0.69,-0.73,"456,900"
2024-04-18T18:30:00.000Z,"22,147.00",0.69,0.64,"362,500"
2024-04-21T18:30:00.000Z,"22,336.40",0.86,0.81,"279,300"
2024-04-22T18:30:00.000Z,"22,368.00",0.14,0.09,"231,500"
2024-04-23T18:30:00.000Z,"22,402.40",0.15,0.11,"235,900"
2024-04-24T18:30:00.000Z,"22,570.35",0.75,0.7,"475,000"
2024-04-25T18:30:00.000Z,"22,419.95",-0.67,-0.71,"329,900"
2024-04-28T18:30:00.000Z,"22,643.40",1.0,0.95,"292,000"
2024-04-29T18:30:00.000Z,"22,604.85",-0.17,-0.22,"361,900"
2024-05-01T18:30:00.000Z,"22,648.20",0.19,0.14,"445,900"
2024-05-02T18:30:00.000Z,"22,475.85",-0.76,-0.81,"438,100"
2024-05-05T18:30:00.000Z,"22,442.70",-0.15,-0.19,"320,300"
2024-05-06T18:30:00.000Z,"22,302.50",-0.62,-0.67,"297,800"
2024-05-07T18:30:00.000Z,"22,302.50",0.0,-0.05,"277,400"
2024-05-08T18:30:00.000Z,"21,957.50",-1.55,-1.59,"331,300"
2024-05-09T18:30:00.000Z,"22,055.20",0.44,0.4,"265,800"
2024-05-12T18:30:00.000Z,"22,104.05",0.22,0.17,"278,200"
2024-05-13T18:30:00.000Z,"22,217.85",0.51,0.47,"230,200"
2024-05-14T18:30:00.000Z,"22,200.55",-0.08,-0.13,"231,900"
2024-05-15T18:30:00.000Z,"22,403.85",0.92,0.87,"368,900"
2024-05-16T18:30:00.000Z,"22,466.10",0.28,0.23,"242,700"
2024-05-20T18:30:00.000Z,"22,529.05",0.28,0.23,"347,600"
2024-05-21T18:30:00.000Z,"22,597.80",0.31,0.26,"290,300"
2024-05-22T18:30:00.000Z,"22,967.65",1.64,1.59,"369,800"
2024-05-23T18:30:00.000Z,"22,957.10",-0.05,-0.09,"261,900"
2024-05-26T18:30:00.000Z,"22,932.45",-0.11,-0.15,"260,000"
2024-05-27T18:30:00.000Z,"22,888.15",-0.19,-0.24,"217,900"
2024-05-28T18:30:00.000Z,"22,704.70",-0.8,-0.85,"269,900"
2024-05-29T18:30:00.000Z,"22,488.65",-0.95,-1.0,"373,400"
2024-05-30T18:30:00.000Z,"22,530.70",0.19,0.14,"572,100"
2024-06-02T18:30:00.000Z,"23,263.90",3.25,3.21,"569,400"
2024-06-03T18:30:00.000Z,"21,884.50",-5.93,-5.98,"1,006,100"
2024-06-04T18:30:00.000Z,"22,620.35",3.36,3.32,"638,500"
2024-06-05T18:30:00.000Z,"22,821.40",0.89,0.84,"480,400"
2024-06-06T18:30:00.000Z,"23,290.15",2.05,2.01,"473,600"
2024-06-09T18:30:00.000Z,"23,259.20",-0.13,-0.18,"304,400"
2024-06-10T18:30:00.000Z,"23,264.85",0.02,-0.02,"305,200"
2024-06-11T18:30:00.000Z,"23,322.95",0.25,0.2,"295,600"
2024-06-12T18:30:00.000Z,"23,398.90",0.33,0.28,"268,300"
2024-06-13T18:30:00.000Z,"23,465.60",0.29,0.24,"223,100"
2024-06-17T18:30:00.000Z,"23,557.90",0.39,0.35,"272,200"
2024-06-18T18:30:00.000Z,"23,516.00",-0.18,-0.23,"328,800"
2024-06-19T18:30:00.000Z,"23,567.00",0.22,0.17,"280,300"
2024-06-20T18:30:00.000Z,"23,501.10",-0.28,-0.33,"609,900"
2024-06-23T18:30:00.000Z,"23,537.85",0.16,0.11,"239,400"
2024-06-24T18:30:00.000Z,"23,721.30",0.78,0.73,"298,100"
2024-06-25T18:30:00.000Z,"23,868.80",0.62,0.57,"287,800"
2024-06-26T18:30:00.000Z,"24,044.50",0.74,0.69,"515,200"
2024-06-27T18:30:00.000Z,"24,010.60",-0.14,-0.19,"354,800"
2024-06-30T18:30:00.000Z,"24,141.95",0.55,0.5,0
2024-07-01T18:30:00.000Z,"24,123.85",-0.07,-0.12,0
2024-07-02T18:30:00.000Z,"24,286.50",0.67,0.63,0
2024-07-03T18:30:00.000Z,"24,302.15",0.06,0.02,"251,200"
2024-07-04T18:30:00.000Z,"24,323.85",0.09,0.04,"298,400"
2024-07-07T18:30:00.000Z,"24,320.55",-0.01,-0.06,"266,300"
2024-07-08T18:30:00.000Z,"24,433.20",0.46,0.42,"250,500"
2024-07-09T18:30:00.000Z,"24,324.45",-0.45,-0.49,"292,300"
2024-07-10T18:30:00.000Z,"24,315.95",-0.03,-0.08,"306,400"
2024-07-11T18:30:00.000Z,"24,502.15",0.77,0.72,"325,800"
2024-07-14T18:30:00.000Z,"24,586.70",0.35,0.3,"305,400"
2024-07-15T18:30:00.000Z,"24,613.00",0.11,0.06,"283,200"
2024-07-17T18:30:00.000Z,"24,800.85",0.76,0.72,"350,900"
2024-07-18T18:30:00.000Z,"24,530.90",-1.09,-1.14,"343,800"
2024-07-21T18:30:00.000Z,"24,509.25",-0.09,-0.14,"324,200"
2024-07-22T18:30:00.000Z,"24,479.05",-0.12,-0.17,"436,400"
2024-07-23T18:30:00.000Z,"24,413.50",-0.27,-0.31,"366,600"
2024-07-24T18:30:00.000Z,"24,406.10",-0.03,-0.08,"391,800"
2024-07-25T18:30:00.000Z,"24,834.85",1.76,1.71,"383,800"
2024-07-28T18:30:00.000Z,"24,836.10",0.01,-0.04,"355,000"
2024-07-29T18:30:00.000Z,"24,857.30",0.09,0.04,"385,000"
2024-07-30T18:30:00.000Z,"24,951.15",0.38,0.33,"333,600"
2024-07-31T18:30:00.000Z,"25,010.90",0.24,0.19,"431,300"
2024-08-01T18:30:00.000Z,"24,717.70",-1.17,-1.22,"345,000"
2024-08-04T18:30:00.000Z,"24,055.60",-2.68,-2.73,"487,000"
2024-08-05T18:30:00.000Z,"23,992.55",-0.26,-0.31,"312,300"
2024-08-06T18:30:00.000Z,"24,297.50",1.27,1.22,"317,600"
2024-08-07T18:30:00.000Z,"24,117.00",-0.74,-0.79,"311,900"
2024-08-08T18:30:00.000Z,"24,367.50",1.04,0.99,"215,100"
2024-08-11T18:30:00.000Z,"24,347.00",-0.08,-0.13,"279,900"
2024-08-12T18:30:00.000Z,"24,139.00",-0.85,-0.9,"239,700"
2024-08-13T18:30:00.000Z,"24,143.75",0.02,-0.03,"303,300"
2024-08-15T18:30:00.000Z,"24,541.15",1.65,1.6,"271,600"
2024-08-18T18:30:00.000Z,"24,572.65",0.13,0.08,"243,600"
2024-08-19T18:30:00.000Z,"24,698.85",0.51,0.47,"238,300"
2024-08-20T18:30:00.000Z,"24,770.20",0.29,0.24,"257,100"
2024-08-21T18:30:00.000Z,"24,811.50",0.17,0.12,"220,300"
2024-08-22T18:30:00.000Z,"24,823.15",0.05,0.0,"206,800"
2024-08-25T18:30:00.000Z,"25,010.60",0.76,0.71,"210,300"
2024-08-26T18:30:00.000Z,"25,017.75",0.03,-0.02,"223,300"
2024-08-27T18:30:00.000Z,"25,052.35",0.14,0.09,"220,400"
2024-08-28T18:30:00.000Z,"25,151.95",0.4,0.35,"354,000"
2024-08-29T18:30:00.000Z,"25,235.90",0.33,0.29,"638,200"
2024-09-01T18:30:00.000Z,"25,278.70",0.17,0.12,"222,800"
2024-09-02T18:30:00.000Z,"25,279.85",0.0,-0.04,"212,100"
2024-09-03T18:30:00.000Z,"25,198.70",-0.32,-0.37,"253,800"
2024-09-04T18:30:00.000Z,"25,145.10",-0.21,-0.26,"222,200"
2024-09-05T18:30:00.000Z,"24,852.15",-1.17,-1.21,"311,700"
2024-09-08T18:30:00.000Z,"24,936.40",0.34,0.29,"254,400"
2024-09-09T18:30:00.000Z,"25,041.10",0.42,0.37,"251,300"
2024-09-10T18:30:00.000Z,"24,918.45",-0.49,-0.54,"279,200"
2024-09-11T18:30:00.000Z,"25,388.90",1.89,1.84,"380,100"
2024-09-12T18:30:00.000Z,"25,356.50",-0.13,-0.17,"250,800"
2024-09-15T18:30:00.000Z,"25,383.75",0.11,0.06,"168,700"
2024-09-16T18:30:00.000Z,"25,418.55",0.14,0.09,"216,000"
2024-09-17T18:30:00.000Z,"25,377.55",-0.16,-0.21,"215,700"
2024-09-18T18:30:00.000Z,"25,415.80",0.15,0.1,"314,500"
2024-09-19T18:30:00.000Z,"25,790.95",1.48,1.43,"533,100"
2024-09-22T18:30:00.000Z,"25,939.05",0.57,0.53,"209,200"
2024-09-23T18:30:00.000Z,"25,940.40",0.01,-0.04,"384,100"
2024-09-24T18:30:00.000Z,"26,004.15",0.25,0.2,"278,500"
2024-09-25T18:30:00.000Z,"26,216.05",0.81,0.77,"370,900"
2024-09-26T18:30:00.000Z,"26,178.95",-0.14,-0.19,"490,300"
2024-09-29T18:30:00.000Z,"25,810.85",-1.41,-1.45,"343,100"
2024-09-30T18:30:00.000Z,"25,796.90",-0.05,-0.1,"247,400"
2024-10-02T18:30:00.000Z,"25,250.10",-2.12,-2.17,"423,400"
2024-10-03T18:30:00.000Z,"25,014.60",-0.93,-0.98,"374,900"
2024-10-06T18:30:00.000Z,"24,795.75",-0.87,-0.92,"374,300"
2024-10-07T18:30:00.000Z,"25,013.15",0.88,0.83,"333,200"
2024-10-08T18:30:00.000Z,"24,981.95",-0.12,-0.17,"290,600"
2024-10-09T18:30:00.000Z,"24,998.45",0.07,0.02,"261,400"
2024-10-10T18:30:00.000Z,"24,964.25",-0.14,-0.18,"210,500"
2024-10-13T18:30:00.000Z,"25,127.95",0.66,0.61,"206,400"
2024-10-14T18:30:00.000Z,"25,057.35",-0.28,-0.33,"257,200"
2024-10-15T18:30:00.000Z,"24,971.30",-0.34,-0.39,"226,800"
2024-10-16T18:30:00.000Z,"24,749.85",-0.89,-0.93,"252,800"
2024-10-17T18:30:00.000Z,"24,854.05",0.42,0.37,"290,900"
2024-10-20T18:30:00.000Z,"24,781.10",-0.29,-0.34,"242,000"
2024-10-21T18:30:00.000Z,"24,472.10",-1.25,-1.29,"279,500"
2024-10-22T18:30:00.000Z,"24,435.50",-0.15,-0.2,"284,600"
2024-10-23T18:30:00.000Z,"24,399.40",-0.15,-0.19,"216,700"
2024-10-24T18:30:00.000Z,"24,180.80",-0.9,-0.94,"372,600"
2024-10-27T18:30:00.000Z,"24,339.15",0.65,0.61,"278,600"
2024-10-28T18:30:00.000Z,"24,466.85",0.52,0.48,"332,000"
2024-10-29T18:30:00.000Z,"24,340.85",-0.51,-0.56,"285,200"
2024-10-30T18:30:00.000Z,"24,205.35",-0.56,-0.6,"287,000"
2024-10-31T18:30:00.000Z,"24,304.35",0.41,0.36,"38,800"
2024-11-03T18:30:00.000Z,"23,995.35",-1.27,-1.32,"285,500"
2024-11-04T18:30:00.000Z,"24,213.30",0.91,0.86,"289,500"
2024-11-05T18:30:00.000Z,"24,484.05",1.12,1.07,"351,100"
2024-11-06T18:30:00.000Z,"24,199.35",-1.16,-1.21,"322,200"
2024-11-07T18:30:00.000Z,"24,148.20",-0.21,-0.26,"298,700"
2024-11-10T18:30:00.000Z,"24,141.30",-0.03,-0.08,"273,400"
2024-11-11T18:30:00.000Z,"23,883.45",-1.07,-1.12,"255,800"
2024-11-12T18:30:00.000Z,"23,559.05",-1.36,-1.41,"304,600"
2024-11-13T18:30:00.000Z,"23,532.70",-0.11,-0.16,"257,700"
2024-11-17T18:30:00.000Z,"23,453.80",-0.34,-0.38,"263,300"
2024-11-18T18:30:00.000Z,"23,518.50",0.28,0.23,"297,500"
2024-11-20T18:30:00.000Z,"23,349.90",-0.72,-0.76,"420,300"
2024-11-21T18:30:00.000Z,"23,907.25",2.39,2.34,"367,600"
2024-11-24T18:30:00.000Z,"24,221.90",1.32,1.27,"687,200"
2024-11-25T18:30:00.000Z,"24,194.50",-0.11,-0.16,"230,700"
2024-11-26T18:30:00.000Z,"24,274.90",0.33,0.29,"295,000"
2024-11-27T18:30:00.000Z,"23,914.15",-1.49,-1.53,"366,700"
2024-11-28T18:30:00.000Z,"24,131.10",0.91,0.86,"282,100"
2024-12-01T18:30:00.000Z,"24,276.05",0.6,0.55,"220,400"
2024-12-02T18:30:00.000Z,"24,457.15",0.75,0.7,"339,500"
2024-12-03T18:30:00.000Z,"24,467.45",0.04,-0.01,"348,000"
2024-12-04T18:30:00.000Z,"24,708.40",0.98,0.94,"361,500"
2024-12-05T18:30:00.000Z,"24,677.80",-0.12,-0.17,"226,700"
2024-12-08T18:30:00.000Z,"24,619.00",-0.24,-0.29,"248,100"
2024-12-09T18:30:00.000Z,"24,610.05",-0.04,-0.08,"261,000"
2024-12-10T18:30:00.000Z,"24,641.80",0.13,0.08,"187,300"
2024-12-11T18:30:00.000Z,"24,548.70",-0.38,-0.42,"266,100"
2024-12-12T18:30:00.000Z,"24,768.30",0.89,0.85,"310,100"
2024-12-15T18:30:00.000Z,"24,668.25",-0.4,-0.45,"187,600"
2024-12-16T18:30:00.000Z,"24,336.00",-1.35,-1.39,"264,900"
2024-12-17T18:30:00.000Z,"24,198.85",-0.56,-0.61,"235,300"
2024-12-18T18:30:00.000Z,"23,951.70",-1.02,-1.07,"271,100"
2024-12-19T18:30:00.000Z,"23,587.50",-1.52,-1.57,"442,700"
2024-12-22T18:30:00.000Z,"23,753.45",0.7,0.66,"189,800"
2024-12-23T18:30:00.000Z,"23,727.65",-0.11,-0.16,"177,700"
2024-12-25T18:30:00.000Z,"23,750.20",0.1,0.05,"177,700"
2024-12-26T18:30:00.000Z,"23,813.40",0.27,0.22,"176,800"
2024-12-29T18:30:00.000Z,"23,644.90",-0.71,-0.75,"364,900"
2024-12-30T18:30:00.000Z,"23,644.80",0.0,-0.05,"193,600"
2024-12-31T18:30:00.000Z,"23,742.90",0.41,0.37,"154,900"
2025-01-01T18:30:00.000Z,"24,188.65",1.88,1.83,"283,200"
2024-12-31T18:30:00.000Z,"23,742.90",0.41,0.43,"154,900"
2025-01-01T18:30:00.000Z,"24,188.65",1.88,1.9,"283,200"
2025-01-02T18:30:00.000Z,"24,004.75",-0.76,-0.74,"312,300"
2025-01-05T18:30:00.000Z,"23,616.05",-1.62,-1.6,"278,100"
2025-01-06T18:30:00.000Z,"23,707.90",0.39,0.41,"262,300"
2025-01-07T18:30:00.000Z,"23,688.95",-0.08,-0.06,"266,400"
2025-01-08T18:30:00.000Z,"23,526.50",-0.69,-0.67,"269,200"
2025-01-09T18:30:00.000Z,"23,431.50",-0.4,-0.38,"261,000"
2025-01-12T18:30:00.000Z,"23,085.95",-1.47,-1.46,"316,500"
2025-01-13T18:30:00.000Z,"23,176.05",0.39,0.41,"311,200"
2025-01-14T18:30:00.000Z,"23,213.20",0.16,0.18,"228,000"
2025-01-15T18:30:00.000Z,"23,311.80",0.42,0.44,"299,400"
2025-01-16T18:30:00.000Z,"23,203.20",-0.47,-0.45,"272,900"
2025-01-19T18:30:00.000Z,"23,344.75",0.61,0.63,"301,500"
2025-01-20T18:30:00.000Z,"23,024.65",-1.37,-1.35,"312,900"
2025-01-21T18:30:00.000Z,"23,155.35",0.57,0.59,"276,000"
2025-01-22T18:30:00.000Z,"23,205.35",0.22,0.24,"275,600"
2025-01-23T18:30:00.000Z,"23,092.20",-0.49,-0.47,"264,300"
2025-01-26T18:30:00.000Z,"22,829.15",-1.14,-1.12,"257,400"
2025-01-27T18:30:00.000Z,"22,957.25",0.56,0.58,"361,900"
2025-01-28T18:30:00.000Z,"23,163.10",0.9,0.92,"226,300"
2025-01-29T18:30:00.000Z,"23,249.50",0.37,0.39,"361,900"
2025-01-30T18:30:00.000Z,"23,508.40",1.11,1.13,"304,900"
2025-02-02T18:30:00.000Z,"23,361.05",-0.63,-0.61,"329,700"
2025-02-03T18:30:00.000Z,"23,739.25",1.62,1.64,"376,700"
2025-02-04T18:30:00.000Z,"23,696.30",-0.18,-0.16,"267,000"
2025-02-05T18:30:00.000Z,"23,603.35",-0.39,-0.37,"307,000"
2025-02-06T18:30:00.000Z,"23,559.95",-0.18,-0.16,"368,100"
2025-02-09T18:30:00.000Z,"23,381.60",-0.76,-0.74,"234,200"
2025-02-10T18:30:00.000Z,"23,071.80",-1.32,-1.31,"268,000"
2025-02-11T18:30:00.000Z,"23,045.25",-0.12,-0.1,"279,700"
2025-02-12T18:30:00.000Z,"23,031.40",-0.06,-0.04,"265,700"
2025-02-13T18:30:00.000Z,"22,929.25",-0.44,-0.42,"254,500"
2025-02-16T18:30:00.000Z,"22,959.50",0.13,0.15,"207,400"
2025-02-17T18:30:00.000Z,"22,945.30",-0.06,-0.04,"210,600"
2025-02-18T18:30:00.000Z,"22,932.90",-0.05,-0.03,"207,000"
2025-02-19T18:30:00.000Z,"22,913.15",-0.09,-0.07,"240,800"
2025-02-20T18:30:00.000Z,"22,795.90",-0.51,-0.49,"242,800"
2025-02-23T18:30:00.000Z,"22,553.35",-1.06,-1.04,"214,300"
2025-02-24T18:30:00.000Z,"22,547.55",-0.03,-0.01,"250,300"
2025-02-26T18:30:00.000Z,"22,545.05",-0.01,0.01,"289,200"
2025-02-27T18:30:00.000Z,"22,124.70",-1.86,-1.85,"551,300"
2025-03-02T18:30:00.000Z,"22,119.30",-0.02,-0.01,"282,400"
2025-03-03T18:30:00.000Z,"22,082.65",-0.17,-0.15,"253,300"
2025-03-04T18:30:00.000Z,"22,337.30",1.15,1.17,"305,900"
2025-03-05T18:30:00.000Z,"22,544.70",0.93,0.95,"372,100"
2025-03-06T18:30:00.000Z,"22,552.50",0.03,0.05,"289,800"
2025-03-09T18:30:00.000Z,"22,460.30",-0.41,-0.39,"293,900"
2025-03-10T18:30:00.000Z,"22,497.90",0.17,0.19,"347,900"
2025-03-11T18:30:00.000Z,"22,470.50",-0.12,-0.1,"369,700"
2025-03-12T18:30:00.000Z,"22,397.20",-0.33,-0.31,"287,500"
2025-03-16T18:30:00.000Z,"22,508.75",0.5,0.52,"251,100"
2025-03-17T18:30:00.000Z,"22,834.30",1.45,1.47,"272,600"
2025-03-18T18:30:00.000Z,"22,907.60",0.32,0.34,"324,000"
2025-03-19T18:30:00.000Z,"23,190.65",1.24,1.25,"313,700"
2025-03-20T18:30:00.000Z,"23,350.40",0.69,0.71,0
